ASV,EG,Kingdom,Phylum,Class,Order,Family,Genus,Species
002debf9610bf01ae0639f4838f5b6c8,I,Bacteria,Proteobacteria,Alphaproteobacteria,Rhodobacterales,Rhodobacteraceae,Rhodobacteraceae,Rhodobacteraceae
010225553a39e15e7f39ef2335d4a98f,II,Bacteria,Proteobacteria,Gammaproteobacteria,Cellvibrionales,Halieaceae,Halioglobus,uncultured bacterium
0125686f910f7e207680201bd5d07275,I,Bacteria,Proteobacteria,Alphaproteobacteria,uncultured,uncultured Rhodobacteraceae bacterium,uncultured Rhodobacteraceae bacterium,uncultured Rhodobacteraceae bacterium
01567457c653f872ec4ef169240459b0,III,Bacteria,Proteobacteria,Gammaproteobacteria,Thiotrichales,Thiotrichaceae,uncultured,uncultured
01b002fe1d88ea9daf275dcd3f7aa51d,I,Bacteria,Proteobacteria,Gammaproteobacteria,BD7-8,uncultured bacterium,uncultured bacterium,uncultured bacterium
020b4fa62a3600229f3fa7c5283ea2d0,I,Bacteria,Verrucomicrobia,Verrucomicrobiae,Verrucomicrobiales,DEV007,uncultured verrucomicrobium DEV007,uncultured verrucomicrobium DEV007
026fc1b1ec6eabb504c46dd32a64781b,II,Bacteria,Actinobacteria,Acidimicrobiia,Actinomarinales,uncultured,uncultured,uncultured
02bf3418b430959d006f8568dbbd150a,I,Bacteria,Proteobacteria,Gammaproteobacteria,KI89A clade,uncultured bacterium,uncultured bacterium,uncultured bacterium
0451f48dc394d441252e5a60e9674b9e,I,Bacteria,Proteobacteria,Gammaproteobacteria,Steroidobacterales,Woeseiaceae,Woeseia,Woeseia
0481303b0cf4ad24cb0bb2501bc1aa27,I,Bacteria,Actinobacteria,Acidimicrobiia,Microtrichales,Microtrichaceae,Sva0996 marine group,Sva0996 marine group
056312304c8e1c71a53a6036199fbc43,I,Bacteria,Proteobacteria,Alphaproteobacteria,uncultured,uncultured,uncultured,uncultured
062a03be36ae46f64fa0f61dbc1e3aed,I,Bacteria,Proteobacteria,Deltaproteobacteria,Sva0485,Sva0485,Sva0485,Sva0485
080e82c9b653331d09ff53b072d28d2a,I,Bacteria,Proteobacteria,Gammaproteobacteria,Thiohalorhabdales,Thiohalorhabdaceae,uncultured,uncultured bacterium
0888a7854000bf79aaef0132bd40ac01,I,Bacteria,Proteobacteria,Gammaproteobacteria,Steroidobacterales,Woeseiaceae,Woeseia,Woeseia
089f32b1f86fcbdbf98e6f24f3984b09,I,Bacteria,Proteobacteria,Gammaproteobacteria,Gammaproteobacteria,Gammaproteobacteria,Gammaproteobacteria,Gammaproteobacteria
093f0e4acf7a9cdff3e487117170c351,V,Bacteria,Firmicutes,Clostridia,Clostridiales,MAT-CR-H4-C10,uncultured bacterium,uncultured bacterium
0af1d1b6455e7121155cbb02ded39b18,I,Bacteria,Bacteroidetes,Bacteroidia,Bacteroidales,Prolixibacteraceae,Draconibacterium,uncultured bacterium
0cb17540b997d92adf8136106f8b4028,II,Bacteria,Proteobacteria,Gammaproteobacteria,Cellvibrionales,Halieaceae,Halioglobus,uncultured bacterium
0d979846b9346c2fc7ac70bb46a981ea,II,Bacteria,Bacteroidetes,Bacteroidia,Cytophagales,Cyclobacteriaceae,uncultured,uncultured
0da97a60b14cdb6829abc56800245fd9,IV,Bacteria,Bacteroidetes,Bacteroidia,Flavobacteriales,Flavobacteriaceae,Lutibacter,uncultured Bacteroidetes bacterium
0e07f50474999e4301f0ce64928fb16c,I,Bacteria,Bacteroidetes,Bacteroidia,Cytophagales,Cyclobacteriaceae,uncultured,uncultured
0e65a507e27557375f8f6894765db5c4,V,Bacteria,Bacteroidetes,Bacteroidia,Bacteroidales,Bacteroidales,Bacteroidales,Bacteroidales
0f7451550bcd4eb3b1c6974787f9d2fd,I,Bacteria,Bacteroidetes,Bacteroidia,Cytophagales,Cyclobacteriaceae,uncultured,uncultured Bacteroidetes bacterium
0fbaeb4d06c624ccc2e496904252dfc7,I,Bacteria,Acidobacteria,Acidobacteriia,Solibacterales,Solibacteraceae (Subgroup 3),PAUC26f,uncultured Acidobacterium sp.
1088ad6b93a6ae3e7c8f473f3554ef97,I,Bacteria,Actinobacteria,Acidimicrobiia,Microtrichales,Microtrichaceae,uncultured,uncultured marine bacterium
11fa16be012b4ec04504d4bf5568e207,I,Bacteria,Bacteroidetes,Bacteroidia,Chitinophagales,Saprospiraceae,uncultured,uncultured
12bb7bb8d54fd7b99ca659b89efbdbb1,IV,Bacteria,Epsilonbacteraeota,Campylobacteria,Campylobacterales,Sulfurovaceae,Sulfurovum,Sulfurovum
12db35ca2921d6fc484f368853128ae1,II,Bacteria,Acidobacteria,Subgroup 22,Subgroup 22,Subgroup 22,Subgroup 22,Subgroup 22
154e925b2db18ea4245272ad8dd8ac86,I,Bacteria,Proteobacteria,Gammaproteobacteria,Cellvibrionales,Halieaceae,Marimicrobium,uncultured bacterium
1554a1ff448e4c81917965fdf3ea3164,I,Bacteria,Proteobacteria,Alphaproteobacteria,Sphingomonadales,Sphingomonadaceae,Sphingomonadaceae,Sphingomonadaceae
15cbdbfee3b09c264925317b3ec96d5e,I,Bacteria,Bacteroidetes,Bacteroidia,Flavobacteriales,Crocinitomicaceae,uncultured,uncultured
16fec96b48d06c88924e335bfe100e6a,I,Bacteria,Bacteroidetes,Bacteroidia,Cytophagales,Cyclobacteriaceae,uncultured,uncultured
1764719fa2b787365a4e6342cbbd4cbf,II,Bacteria,Chloroflexi,Anaerolineae,Anaerolineales,Anaerolineaceae,uncultured,uncultured Chloroflexi bacterium
1826acde20d31bc623e9ae3cd020a511,I,Bacteria,Bacteroidetes,Bacteroidia,Flavobacteriales,Flavobacteriaceae,Arcticiflavibacter,uncultured bacterium
186dcb202dc9268647503a54ec25dfae,I,Bacteria,Acidobacteria,Subgroup 26,uncultured Acidobacterium sp.,uncultured Acidobacterium sp.,uncultured Acidobacterium sp.,uncultured Acidobacterium sp.
1a1b0e971fecdbaaf180cc006ae2ee39,II,Bacteria,Actinobacteria,Acidimicrobiia,Actinomarinales,uncultured,uncultured,uncultured
1c3341e2c9439d5cc097464a09e4b086,II,Bacteria,Proteobacteria,Deltaproteobacteria,Desulfobacterales,Desulfobulbaceae,uncultured,uncultured
1cfb9f8c8a3c137928e17c76362efd48,V,Bacteria,Bacteroidetes,Bacteroidia,Bacteroidetes VC2.1 Bac22,uncultured Bacteroidetes bacterium,uncultured Bacteroidetes bacterium,uncultured Bacteroidetes bacterium
1dc13dc617489e0c8dbf932064f6b385,IV,Bacteria,Bacteroidetes,Bacteroidia,Flavobacteriales,Flavobacteriaceae,uncultured,Bacteroidetes bacterium ectosymbiont of Rimicaris exoculata
1dda21b1c483bf226168ee546a3c6735,V,Bacteria,Firmicutes,Clostridia,Clostridiales,Clostridiales vadinBB60 group,uncultured bacterium,uncultured bacterium
1e910b01fd77bce1550fe45fe92bc755,I,Bacteria,Schekmanbacteria,uncultured bacterium,uncultured bacterium,uncultured bacterium,uncultured bacterium,uncultured bacterium
1ee84c46fd56893080e3aea9ca3d6466,V,Bacteria,Bacteroidetes,Bacteroidia,Bacteroidales,Paludibacteraceae,Paludibacter,Paludibacter
1f0b3a63154ea149436f43dd4eac5180,I,Bacteria,Proteobacteria,Alphaproteobacteria,Rhodobacterales,Rhodobacteraceae,Halocynthiibacter,uncultured bacterium
202139cc388880424f7d2c6b8f9d0c2c,I,Bacteria,Bacteroidetes,Bacteroidia,Chitinophagales,Saprospiraceae,uncultured,uncultured bacterium
225060c0f511e09319f0afb36c8dafae,I,Bacteria,Proteobacteria,Gammaproteobacteria,Steroidobacterales,Woeseiaceae,Woeseia,Woeseia
22d06f78f269f9d1bb120e55f69df15a,I,Bacteria,Proteobacteria,Gammaproteobacteria,B2M28,B2M28,B2M28,B2M28
2450a80568c1c02d0780138bd7683db4,I,Bacteria,Proteobacteria,Gammaproteobacteria,Acidiferrobacterales,Acidiferrobacteraceae,uncultured,uncultured sediment bacterium
24684defa04ccaffd0b5eee6d839ea9d,I,Bacteria,Proteobacteria,Alphaproteobacteria,uncultured,uncultured,uncultured,uncultured
248890163b15d4510a8ecf85cdf3e242,I,Bacteria,Gemmatimonadetes,PAUC43f marine benthic group,uncultured bacterium,uncultured bacterium,uncultured bacterium,uncultured bacterium
24a9c64b0ea511aa4384a9c4b9a0ab9c,I,Bacteria,Proteobacteria,Alphaproteobacteria,Rhizobiales,Rhizobiaceae,Pseudahrensia,uncultured bacterium
24d66191110c30402f6b3a5a5ad89f6c,II,Bacteria,Proteobacteria,Gammaproteobacteria,Thiohalorhabdales,Thiohalorhabdaceae,uncultured,uncultured sediment bacterium
2663d8277b07f46c4b6872bbd045442b,II,Bacteria,Bacteroidetes,Bacteroidia,Flavobacteriales,Cryomorphaceae,uncultured,uncultured
26763da1a3b23f4f66a68981a9ebbe19,I,Bacteria,Proteobacteria,Gammaproteobacteria,Cellvibrionales,Halieaceae,Halieaceae,Halieaceae
279206473ec782c61853b1fabe8d865d,I,Bacteria,Proteobacteria,Gammaproteobacteria,Cellvibrionales,Halieaceae,Halieaceae,Halieaceae
27a3861f1c97521ba26a35aedae1d6a1,I,Bacteria,Proteobacteria,Gammaproteobacteria,Gammaproteobacteria,Gammaproteobacteria,Gammaproteobacteria,Gammaproteobacteria
2b85ab8b871c35f181aa19f268d157ff,I,Bacteria,Bacteroidetes,Bacteroidia,Cytophagales,Cyclobacteriaceae,uncultured,uncultured
2cf3d2c28867035527223513e65c1639,I,Bacteria,Proteobacteria,Deltaproteobacteria,Desulfobacterales,Desulfobulbaceae,uncultured,uncultured
2d1232c1f473139e6f9e96501f273f0d,I,Bacteria,Proteobacteria,Alphaproteobacteria,Rhizobiales,Rhizobiaceae,Pseudahrensia,uncultured bacterium
2e26c2ff7d485c989a5ae4278456f20d,I,Bacteria,Bacteroidetes,Bacteroidia,Flavobacteriales,Flavobacteriaceae,Aquibacter,uncultured bacterium
2e2a9a944cf634cf96fb94463fc266f2,II,Bacteria,Proteobacteria,Gammaproteobacteria,Steroidobacterales,Woeseiaceae,Woeseia,Woeseia
2f52e0fd170076e0a2928b6a66c6f266,I,Bacteria,Bacteroidetes,Bacteroidia,Flavobacteriales,Schleiferiaceae,Schleiferia,uncultured deep-sea bacterium
2f8d76418ea8b04481cd02cbf2c128bc,II,Bacteria,Gemmatimonadetes,PAUC43f marine benthic group,saltmarsh clone LCP-68,saltmarsh clone LCP-68,saltmarsh clone LCP-68,saltmarsh clone LCP-68
304c40547d9c56fa93a7aaa968ad1749,I,Bacteria,Acidobacteria,Subgroup 21,uncultured hydrocarbon seep bacterium BPC102,uncultured hydrocarbon seep bacterium BPC102,uncultured hydrocarbon seep bacterium BPC102,uncultured hydrocarbon seep bacterium BPC102
30e9c9a2a7f8096ad08e0fdd2cd5a391,IV,Bacteria,Proteobacteria,Deltaproteobacteria,Desulfobacterales,Desulfobacteraceae,uncultured,bacterium enrichment culture clone Oil10
31173c583ed57dcb3d7d0db18a1da840,I,Bacteria,Proteobacteria,Deltaproteobacteria,Desulfobacterales,Desulfobulbaceae,uncultured,uncultured Desulfobacterales bacterium
318ec27fcd6c87ef125da03cacb5e0a3,I,Bacteria,Proteobacteria,Alphaproteobacteria,Rhodovibrionales,Kiloniellaceae,uncultured,uncultured
323f8385058933f87d56874249eb2d73,II,Bacteria,Proteobacteria,Gammaproteobacteria,B2M28,B2M28,B2M28,B2M28
34efd7b3945eeaf087a581832a1cc09e,II,Bacteria,Proteobacteria,Gammaproteobacteria,B2M28,B2M28,B2M28,B2M28
3560f8a7da2cca82a7fdf0fcce5e917f,II,Bacteria,Proteobacteria,Gammaproteobacteria,BD7-8,uncultured gamma proteobacterium,uncultured gamma proteobacterium,uncultured gamma proteobacterium
3576194c7d30b20bb2c440eab49d62bf,I,Bacteria,Actinobacteria,Acidimicrobiia,Microtrichales,Microtrichaceae,Sva0996 marine group,Sva0996 marine group
35d3d02766bce4b9707cc71f06ce4037,IV,Bacteria,Bacteroidetes,Bacteroidia,Bacteroidales,Bacteroidetes BD2-2,Bacteroidetes BD2-2,Bacteroidetes BD2-2
36799095d462345b2ef5ee5040a427ad,I,Bacteria,Proteobacteria,Gammaproteobacteria,B2M28,uncultured sediment bacterium,uncultured sediment bacterium,uncultured sediment bacterium
37f931df32182f576e0acdd68ed4c00c,II,Bacteria,Proteobacteria,Gammaproteobacteria,Gammaproteobacteria Incertae Sedis,Unknown Family,uncultured,uncultured
38591ba2560ac9e2f6d93bc763f0ea19,IV,Bacteria,Bacteroidetes,Bacteroidia,Sphingobacteriales,Lentimicrobiaceae,Cytophaga sp. Dex80-37,Cytophaga sp. Dex80-37
387d1a7660d08647168751872b69fc71,IV,Bacteria,Actinobacteria,Acidimicrobiia,Actinomarinales,uncultured,marine metagenome,marine metagenome
3a1b103e1867ba5e9e9176462946883a,I,Bacteria,Proteobacteria,Gammaproteobacteria,Gammaproteobacteria Incertae Sedis,Unknown Family,uncultured,uncultured sediment bacterium
3a75f2070244a0e2d9031b842f830b28,IV,Bacteria,Proteobacteria,Deltaproteobacteria,Desulfobacterales,Desulfobulbaceae,Desulfobulbus,Desulfobulbus
3aabc05c6fde6c513214bfe360f8a8dc,II,Bacteria,Proteobacteria,Gammaproteobacteria,Cellvibrionales,Halieaceae,Halioglobus,Halioglobus
3ab7253a9aee2ff5d73bab951b3c3df6,I,Bacteria,Proteobacteria,Deltaproteobacteria,Sva0485,metagenome,metagenome,metagenome
3abcc0f23ff3abb56497b378573cad7a,V,Bacteria,Bacteroidetes,Bacteroidia,Bacteroidales,Marinifilaceae,uncultured,uncultured Bacteroidetes bacterium
3b015eb4e570add6d7f4cfad1601a568,II,Bacteria,Proteobacteria,Gammaproteobacteria,Gammaproteobacteria Incertae Sedis,Unknown Family,uncultured,uncultured sediment bacterium
3bd2b70eb9fd1ab245cdaea9bd20318f,I,Bacteria,Proteobacteria,Deltaproteobacteria,Syntrophobacterales,Syntrophobacteraceae,uncultured,uncultured
3c9ee867afdf740e33961e30ad02e87f,I,Bacteria,Proteobacteria,Alphaproteobacteria,Rhodobacterales,Rhodobacteraceae,Boseongicola,uncultured bacterium
3d65e5da1674ab4ce2a0a3365b6a8e28,II,Bacteria,Proteobacteria,Deltaproteobacteria,Myxococcales,Sandaracinaceae,uncultured,uncultured delta proteobacterium
3d6f70f6348d4edd154171ea841ca92f,II,Bacteria,Actinobacteria,Acidimicrobiia,Microtrichales,Ilumatobacteraceae,Ilumatobacter,uncultured bacterium
3d81741b71b9cdb12e7b0fa73b71603f,I,Bacteria,Proteobacteria,Gammaproteobacteria,EPR3968-O8a-Bc78,uncultured gamma proteobacterium,uncultured gamma proteobacterium,uncultured gamma proteobacterium
3dbbd25df159fc88d337116c36bacc48,II,Bacteria,Proteobacteria,Gammaproteobacteria,Cellvibrionales,Halieaceae,Halioglobus,uncultured bacterium
3dbe4ab82662a2658e03b67b552e5bfc,I,Bacteria,Proteobacteria,Alphaproteobacteria,Rhodobacterales,Rhodobacteraceae,Boseongicola,uncultured bacterium
3e174a07a4bf356ad20b2d6cc6d999b1,II,Bacteria,Proteobacteria,Gammaproteobacteria,Tenderiales,Tenderiaceae,Candidatus Tenderia,uncultured gamma proteobacterium
3ec83a11b51212fb4441f64f4576c01d,II,Bacteria,Proteobacteria,Gammaproteobacteria,Cellvibrionales,Cellvibrionaceae,uncultured,uncultured bacterium
3f766f17e5533d1aeebc39dc0dc64922,I,Bacteria,Proteobacteria,Deltaproteobacteria,NB1-j,uncultured bacterium,uncultured bacterium,uncultured bacterium
4008247a6fec4e302b724bbd97eeeedb,I,Bacteria,Proteobacteria,Deltaproteobacteria,Myxococcales,MidBa8,uncultured delta proteobacterium,uncultured delta proteobacterium
4057cc4482ed01d210efbc2a199f0bdc,II,Bacteria,Proteobacteria,Gammaproteobacteria,B2M28,uncultured sediment bacterium,uncultured sediment bacterium,uncultured sediment bacterium
406f8bffaaf4ff60ce50b725154f7b37,II,Bacteria,Proteobacteria,Deltaproteobacteria,Desulfobacterales,Desulfobulbaceae,uncultured,uncultured
408a316596985a826c7aadff2e5b74b1,V,Bacteria,Bacteroidetes,Bacteroidia,Bacteroidales,Marinifilaceae,Marinifilum,Marinifilum
411453fbbeef87bbf7e4cc0cf6464152,II,Bacteria,Proteobacteria,Deltaproteobacteria,Syntrophobacterales,Syntrophobacteraceae,uncultured,uncultured delta proteobacterium
4128c0452c56a4317ae841e1f00074c1,I,Bacteria,Proteobacteria,Deltaproteobacteria,NB1-j,uncultured delta proteobacterium,uncultured delta proteobacterium,uncultured delta proteobacterium
42bd3b9fc8b08b6a7ee40074741d349e,I,Bacteria,Actinobacteria,Acidimicrobiia,Microtrichales,Ilumatobacteraceae,Ilumatobacter,Ilumatobacter nonamiensis YM16-303
42d401d79931307c4587b1615b03c644,II,Bacteria,Proteobacteria,Gammaproteobacteria,Gammaproteobacteria,Gammaproteobacteria,Gammaproteobacteria,Gammaproteobacteria
42e3435919c93fb0dc5d634608fd57ff,II,Bacteria,Proteobacteria,Deltaproteobacteria,Desulfuromonadales,Desulfuromonadaceae,Desulfuromonadaceae,Desulfuromonadaceae
42f15610f85f903640dadb52ddd85231,I,Bacteria,Proteobacteria,Gammaproteobacteria,Oceanospirillales,Pseudohongiellaceae,Pseudohongiella,uncultured gamma proteobacterium
434f67b6b7fe51ddbafaa072c7c4d177,V,Bacteria,Bacteroidetes,Bacteroidia,Bacteroidales,Bacteroidetes BD2-2,Bacteroidetes BD2-2,Bacteroidetes BD2-2
43b3d6db3fde56e705442835f6e6ac2c,I,Bacteria,Proteobacteria,Gammaproteobacteria,Oceanospirillales,Pseudohongiellaceae,Pseudohongiella,uncultured gamma proteobacterium
44497f37fb38123c259c9c411014c085,I,Bacteria,Bacteroidetes,Bacteroidia,Cytophagales,Cyclobacteriaceae,uncultured,uncultured sediment bacterium
44521f329c96645d5e469d2a5f60ecc0,II,Bacteria,Proteobacteria,Deltaproteobacteria,Desulfobacterales,Desulfobulbaceae,Desulfobulbus,Desulfobulbus
4512d113a67163d52f3e43486f10d745,II,Bacteria,Chloroflexi,Anaerolineae,Anaerolineales,Anaerolineaceae,uncultured,uncultured hydrocarbon seep bacterium BPC110
4611e5ef9b0a09dd78a98ea7c8c9826d,I,Bacteria,Proteobacteria,Gammaproteobacteria,Steroidobacterales,Woeseiaceae,Woeseia,Woeseia
465a522c2783520dd22b9c0cb5c649b8,V,Bacteria,Proteobacteria,Deltaproteobacteria,Desulfobacterales,Desulfobulbaceae,Desulforhopalus,uncultured delta proteobacterium
48558f2d597e19ab4c7fec402a989323,I,Bacteria,Bacteroidetes,Bacteroidia,Flavobacteriales,NS9 marine group,uncultured bacterium,uncultured bacterium
48610d38ab21dbdd8da374fbbe92b98f,I,Bacteria,Proteobacteria,Deltaproteobacteria,NB1-j,NB1-j,NB1-j,NB1-j
48debef6fc4ec71cd24db46eea6946ee,I,Bacteria,Proteobacteria,Gammaproteobacteria,Ectothiorhodospirales,Ectothiorhodospiraceae,Ectothiorhodospiraceae,Ectothiorhodospiraceae
493fb3928c9b8510257840dcba58d1e3,II,Bacteria,Proteobacteria,Gammaproteobacteria,B2M28,B2M28,B2M28,B2M28
499dd3afb8297aba470bfeeea4408139,IV,Bacteria,Acidobacteria,Aminicenantia,Aminicenantales,Aminicenantales,Aminicenantales,Aminicenantales
49d637cc7f62b4f6aec6b49d319f3a90,I,Bacteria,Gemmatimonadetes,PAUC43f marine benthic group,uncultured Gemmatimonadetes bacterium,uncultured Gemmatimonadetes bacterium,uncultured Gemmatimonadetes bacterium,uncultured Gemmatimonadetes bacterium
4ab0f62e55843c0b562226c5ef574f7f,I,Bacteria,Proteobacteria,Gammaproteobacteria,Gammaproteobacteria Incertae Sedis,Unknown Family,uncultured,uncultured deep-sea bacterium
4b6df9420c63586e56f3dab44b9a13a4,I,Bacteria,Proteobacteria,Gammaproteobacteria,Gammaproteobacteria Incertae Sedis,Unknown Family,uncultured,uncultured
4cec49339836d6f579a57a726a8a6530,I,Bacteria,Proteobacteria,Gammaproteobacteria,Oceanospirillales,Hahellaceae,Hahella,Hahella
4d4e1a39e0369eaea6d475c4d6533ca8,I,Bacteria,Proteobacteria,Gammaproteobacteria,Thiohalorhabdales,Thiohalorhabdaceae,uncultured,uncultured sediment bacterium
4d6a69d336315f5848357e72ee27517a,I,Bacteria,Bacteroidetes,Bacteroidia,Flavobacteriales,Flavobacteriaceae,Flavobacteriaceae,Flavobacteriaceae
50210071354833caabde43140d95ca6d,I,Bacteria,Proteobacteria,Gammaproteobacteria,Steroidobacterales,Woeseiaceae,Woeseia,Woeseia
5060199294f73e047997aa1ca26b19fc,V,Bacteria,Bacteroidetes,Bacteroidia,Bacteroidales,Bacteroidetes BD2-2,uncultured Cytophaga sp.,uncultured Cytophaga sp.
5209f086c6dc7d711b8bf376a7377754,I,Bacteria,Acidobacteria,Subgroup 26,uncultured Acidobacterium sp.,uncultured Acidobacterium sp.,uncultured Acidobacterium sp.,uncultured Acidobacterium sp.
526103bf909035079fdff72e33614870,V,Bacteria,Bacteroidetes,Bacteroidia,Bacteroidetes VC2.1 Bac22,uncultured organism,uncultured organism,uncultured organism
5455114afa43933e1d1b98f05da130cf,I,Bacteria,Verrucomicrobia,Verrucomicrobiae,Verrucomicrobiales,DEV007,uncultured bacterium,uncultured bacterium
56d8af00f004d06b3db5706f523c151c,V,Bacteria,Bacteroidetes,Bacteroidia,Bacteroidetes VC2.1 Bac22,uncultured Bacteroidetes bacterium,uncultured Bacteroidetes bacterium,uncultured Bacteroidetes bacterium
572e3e57663197618f8735250113f1bf,I,Bacteria,Actinobacteria,Acidimicrobiia,Actinomarinales,uncultured,uncultured,uncultured
575cf9880d3e6824929ad41410e2f3ae,I,Bacteria,Proteobacteria,Deltaproteobacteria,Desulfuromonadales,Desulfuromonadales,Desulfuromonadales,Desulfuromonadales
583b1de4341b814ebad5286f0627e0f8,I,Bacteria,Proteobacteria,Alphaproteobacteria,Tistrellales,Geminicoccaceae,uncultured,uncultured
58451cdbbd2f3469c3420dbc109132c6,V,Bacteria,Firmicutes,Clostridia,Clostridiales,Lachnospiraceae,Lachnospiraceae,Lachnospiraceae
58854ff785dd18ed6336b2bf51cc351e,I,Bacteria,Proteobacteria,Alphaproteobacteria,Rhizobiales,Rhizobiaceae,Pseudahrensia,uncultured bacterium
5905024c401df868e1fd8523c4308168,I,Bacteria,Proteobacteria,Gammaproteobacteria,Betaproteobacteriales,Nitrosomonadaceae,Nitrosomonas,uncultured Nitrosospira sp.
59105583eed2e7f6346ab0ebadd1816c,II,Bacteria,Proteobacteria,Deltaproteobacteria,Desulfobacterales,Desulfobulbaceae,uncultured,uncultured
5a20a0f95cee58e511040a279e596013,I,Bacteria,Nitrospirae,Thermodesulfovibrionia,uncultured,uncultured,uncultured,uncultured
5a27907e1f631a4af763e083a70767ff,I,Bacteria,Proteobacteria,Gammaproteobacteria,Gammaproteobacteria Incertae Sedis,Unknown Family,uncultured,uncultured
5a89259a06393932e0cc43f01a4690be,II,Bacteria,Proteobacteria,Deltaproteobacteria,Desulfobacterales,Desulfobulbaceae,uncultured,uncultured
5b74592583d503043637234d06a9be42,I,Bacteria,Proteobacteria,Alphaproteobacteria,Rhizobiales,Methyloligellaceae,Methyloceanibacter,uncultured bacterium
5b9e0e00f7ff65d477aaf5ae0d9f9d7f,V,Bacteria,Bacteroidetes,Bacteroidia,Bacteroidales,Bacteroidetes BD2-2,uncultured Bacteroidetes bacterium,uncultured Bacteroidetes bacterium
5cb119d4c90a1ae938051f3db2a935db,IV,Bacteria,Bacteroidetes,Bacteroidia,Bacteroidetes VC2.1 Bac22,uncultured organism,uncultured organism,uncultured organism
5db205ea89de256119a394a50fc59714,II,Bacteria,Planctomycetes,Planctomycetacia,Pirellulales,Pirellulaceae,Rhodopirellula,uncultured bacterium
5ec59fad25d86a1623cfe1463797e53c,I,Bacteria,Proteobacteria,Gammaproteobacteria,Nitrosococcales,Nitrosococcaceae,AqS1,uncultured bacterium
5f17061e20dd0d16e7935cc13bfb6cbe,IV,Bacteria,Proteobacteria,Gammaproteobacteria,Cellvibrionales,Halieaceae,Halioglobus,Halioglobus
5f2f9e4f05556e4fbe65aa084aedfbf6,III,Bacteria,Bacteroidetes,Bacteroidia,Flavobacteriales,Flavobacteriaceae,Lutibacter,uncultured Bacteroidetes bacterium
5f8f50d8f213dde2b7953a9659ed7349,III,Bacteria,Proteobacteria,Gammaproteobacteria,Thiotrichales,Thiotrichaceae,uncultured,uncultured sediment bacterium
6037fc2221adae30247ca3fb00df5f84,V,Bacteria,Caldiserica,Caldisericia,Caldisericales,LF045,uncultured Caldiserica bacterium,uncultured Caldiserica bacterium
61a181d1a50e278d56e05df82cfae6b7,I,Bacteria,Proteobacteria,Gammaproteobacteria,Cellvibrionales,Halieaceae,OM60(NOR5) clade,OM60(NOR5) clade
61b26c490131f2f1575396f1891fe919,V,Bacteria,Firmicutes,Clostridia,Clostridiales,Ruminococcaceae,uncultured,saltmarsh clone LCP-84
628c1fd956ce04b0bc316fc05b4c0512,II,Bacteria,Proteobacteria,Gammaproteobacteria,Cellvibrionales,Cellvibrionaceae,uncultured,uncultured bacterium
62a553bf8e561b989f56cb38b943b9ba,I,Bacteria,Proteobacteria,Alphaproteobacteria,Rhizobiales,Rhizobiales Incertae Sedis,Anderseniella,uncultured alpha proteobacterium
6317d2f60814fff4affeb76496d33dcc,I,Bacteria,Proteobacteria,Gammaproteobacteria,Cellvibrionales,Halieaceae,Halioglobus,uncultured bacterium
6334334da93163f2f126b6e54fb28627,II,Bacteria,Proteobacteria,Gammaproteobacteria,Chromatiales,Sedimenticolaceae,Sedimenticola,uncultured gamma proteobacterium
6347889cfefe83068ba4edb4673d2a72,I,Bacteria,Proteobacteria,Alphaproteobacteria,Sphingomonadales,Sphingomonadaceae,Parasphingopyxis,uncultured bacterium
6492607211d46e44d19e10adcb5455fc,II,Bacteria,Proteobacteria,Deltaproteobacteria,Sva0485,Sva0485,Sva0485,Sva0485
65eb0f1a9a285fc25da12fce63599707,I,Bacteria,Proteobacteria,Deltaproteobacteria,NB1-j,uncultured deep-sea bacterium,uncultured deep-sea bacterium,uncultured deep-sea bacterium
664c9c0b2a4e85a064fa9852c1f720c6,IV,Bacteria,Bacteroidetes,Bacteroidia,Flavobacteriales,Flavobacteriaceae,Lutimonas,uncultured Bacteroidetes bacterium
669cc53ab87733314dcd38e7e3410de3,I,Bacteria,Proteobacteria,Gammaproteobacteria,Gammaproteobacteria Incertae Sedis,Unknown Family,uncultured,uncultured
66bf2850b68540dbf502b4672810801f,I,Bacteria,Proteobacteria,Gammaproteobacteria,Gammaproteobacteria,Gammaproteobacteria,Gammaproteobacteria,Gammaproteobacteria
66d9965636642502a144f53823dc129a,I,Bacteria,Proteobacteria,Alphaproteobacteria,Rhodobacterales,Rhodobacteraceae,Dinoroseobacter,uncultured bacterium
67c616997f51e7257d37e5f39f20ead0,II,Bacteria,Proteobacteria,Gammaproteobacteria,Steroidobacterales,Woeseiaceae,Woeseia,Woeseia
680434c16a01ef348175cb76d54febac,IV,Bacteria,Bacteroidetes,Bacteroidia,Flavobacteriales,Flavobacteriaceae,uncultured,Bacteroidetes bacterium ectosymbiont of Rimicaris exoculata
684221aa2efd96121aa3bbbdbbe8513c,II,Bacteria,Proteobacteria,Gammaproteobacteria,Cellvibrionales,Spongiibacteraceae,BD1-7 clade,BD1-7 clade
6a1711a80939f151122babbd118d88bb,I,Bacteria,Proteobacteria,Gammaproteobacteria,Gammaproteobacteria Incertae Sedis,Unknown Family,uncultured,uncultured
6ac6a3f43e6276fc22900940d4313cec,V,Bacteria,Proteobacteria,Deltaproteobacteria,Desulfobacterales,Desulfobulbaceae,Desulforhopalus,uncultured Desulforhopalus sp.
6b97bbbf2f3c43a651662ddc879e0bdd,II,Bacteria,Proteobacteria,Gammaproteobacteria,Gammaproteobacteria Incertae Sedis,Unknown Family,uncultured,uncultured
6c341fcb2d609cfdc8934e30d7b8a16d,I,Bacteria,Proteobacteria,Gammaproteobacteria,Gammaproteobacteria,Gammaproteobacteria,Gammaproteobacteria,Gammaproteobacteria
6c38ca5de6266b5fa0135836eacf4d4e,I,Bacteria,Proteobacteria,Gammaproteobacteria,Gammaproteobacteria Incertae Sedis,Unknown Family,uncultured,uncultured marine bacterium
6c4edbd27940e1c6b86aeb3426a18903,IV,Bacteria,Bacteroidetes,Bacteroidia,Flavobacteriales,Flavobacteriaceae,Lutimonas,Lutimonas
6c8a4538f2fb2c3ea98fb3a6af13f916,IV,Bacteria,Proteobacteria,Deltaproteobacteria,Desulfobacterales,Desulfobacteraceae,uncultured,uncultured Desulfobacteraceae bacterium
6de5db1ccd3885f65eb6739316f4f923,I,Bacteria,Bacteroidetes,Bacteroidia,Flavobacteriales,Flavobacteriaceae,uncultured,uncultured deep-sea bacterium
6deb3c73b9f2dc74e843cddb18f87b38,I,Bacteria,Nitrospirae,Nitrospira,Nitrospirales,Nitrospiraceae,Nitrospira,Nitrospira
6e327c7efbfd582978ce6ed7c3745dbc,I,Bacteria,Proteobacteria,Alphaproteobacteria,Alphaproteobacteria,Alphaproteobacteria,Alphaproteobacteria,Alphaproteobacteria
6f9f8fbeba543dd088eda1aec667ce66,V,Bacteria,Firmicutes,Clostridia,Clostridiales,uncultured,uncultured Firmicutes bacterium,uncultured Firmicutes bacterium
706054c13815d97d0f7f77f7980caf2c,I,Bacteria,Proteobacteria,Gammaproteobacteria,Gammaproteobacteria Incertae Sedis,Unknown Family,uncultured,uncultured
70e2f41d27005dd9e3d4036c725fd817,IV,Bacteria,Bacteroidetes,Bacteroidia,Flavobacteriales,Flavobacteriaceae,Maritimimonas,uncultured Bacteroidetes bacterium
71a6e6b7709efd4adacc18ca3206a7ac,II,Bacteria,Acidobacteria,Holophagae,Acanthopleuribacterales,Acanthopleuribacteraceae,Acanthopleuribacter,uncultured bacterium
72794e1190e4ea6be9e72124089faf23,V,Bacteria,Acidobacteria,Subgroup 21,uncultured organism,uncultured organism,uncultured organism,uncultured organism
730abce4b2b716a040d3247a1121ac3e,II,Bacteria,Proteobacteria,Gammaproteobacteria,Ectothiorhodospirales,Ectothiorhodospiraceae,Thiogranum,Thiogranum
73e0a81c8514670f6e228c3fd57b6397,V,Bacteria,Proteobacteria,Deltaproteobacteria,Desulfobacterales,Desulfobulbaceae,Desulforhopalus,Desulforhopalus
758d7acc59b6faecfad99c1443a91b0b,I,Bacteria,Proteobacteria,Deltaproteobacteria,Sva0485,Sva0485,Sva0485,Sva0485
75e237681c650b348dc687a9a820b64a,II,Bacteria,Proteobacteria,Deltaproteobacteria,Syntrophobacterales,Syntrophobacteraceae,uncultured,uncultured delta proteobacterium
76258a38a13100427909fe6b62531afe,I,Bacteria,Proteobacteria,Gammaproteobacteria,Gammaproteobacteria Incertae Sedis,Unknown Family,uncultured,uncultured sediment bacterium
763ef1894c3e13c5b88cad73217b9d3a,IV,Bacteria,Proteobacteria,Gammaproteobacteria,Alteromonadales,Psychromonadaceae,Psychromonas,uncultured marine bacterium
765f37185057fc4ea270153c93362d9a,I,Bacteria,Proteobacteria,Gammaproteobacteria,Cellvibrionales,Halieaceae,Halioglobus,uncultured gamma proteobacterium
7670c2ba03b861ea3a96782d1abcea28,IV,Bacteria,Proteobacteria,Deltaproteobacteria,Desulfobacterales,Desulfobacteraceae,uncultured,uncultured Desulfobacula sp.
767e7afcc6afb1a58439629202c249f7,I,Bacteria,Bacteroidetes,Bacteroidia,Flavobacteriales,Flavobacteriaceae,Aquibacter,Aquibacter
7726fc53e6cd825bd48b24501c877569,I,Bacteria,Proteobacteria,Alphaproteobacteria,uncultured,uncultured deep-sea bacterium,uncultured deep-sea bacterium,uncultured deep-sea bacterium
78221e5a9cc22c93c19204a21f3f85a7,IV,Bacteria,Actinobacteria,Acidimicrobiia,Actinomarinales,uncultured,marine metagenome,marine metagenome
78f2f3537a5fb429222eb1f1b4033cd0,V,Bacteria,Bacteroidetes,Ignavibacteria,Kryptoniales,MSB-3C8,MSB-3C8,MSB-3C8
7b1df45fe454196f6a6a6e63c72729e7,I,Bacteria,Nitrospirae,Nitrospira,Nitrospirales,Nitrospiraceae,Nitrospira,Nitrospira
7b76a83508702bfa60479089089eac95,I,Bacteria,Proteobacteria,Deltaproteobacteria,NB1-j,uncultured bacterium,uncultured bacterium,uncultured bacterium
7b96df79daf7a52d0a05e8400ab3c9fa,I,Bacteria,Proteobacteria,Gammaproteobacteria,Steroidobacterales,Woeseiaceae,Woeseiaceae,Woeseiaceae
7ba028402bdf8b056edd75043e6e39ab,I,Bacteria,Proteobacteria,Deltaproteobacteria,NB1-j,NB1-j,NB1-j,NB1-j
7c31c8735ca85bc3e3f4bf12fac5ee2b,I,Bacteria,Proteobacteria,Gammaproteobacteria,Gammaproteobacteria,Gammaproteobacteria,Gammaproteobacteria,Gammaproteobacteria
7ce745fce13d82cab8c4009cc1f2306c,I,Bacteria,Proteobacteria,Alphaproteobacteria,Rhodobacterales,Rhodobacteraceae,Roseovarius,uncultured alpha proteobacterium
7dcc1872dc8ad8cf7ae99865128df81b,I,Bacteria,Nitrospirae,Thermodesulfovibrionia,uncultured,uncultured bacterium,uncultured bacterium,uncultured bacterium
7e4355ec889b9ff5b396b5cb6053b5d5,I,Bacteria,Proteobacteria,Gammaproteobacteria,Gammaproteobacteria Incertae Sedis,Unknown Family,uncultured,uncultured
7f6dbe77855da438023cccaac627cedb,I,Bacteria,Bacteroidetes,Bacteroidia,Flavobacteriales,Flavobacteriaceae,uncultured,uncultured Lutibacter sp.
80814dcaa6340fe15c2e596526af383b,I,Bacteria,Proteobacteria,Gammaproteobacteria,Steroidobacterales,Woeseiaceae,Woeseia,Woeseia
8156e83d37da04b76ee39fe94cd19c40,I,Bacteria,Proteobacteria,Gammaproteobacteria,KI89A clade,KI89A clade,KI89A clade,KI89A clade
819a82d8ef065907b7a5130c8e75c6d1,V,Bacteria,Cloacimonetes,Cloacimonadia,Cloacimonadales,MSBL8,uncultured bacterium,uncultured bacterium
822fda7fe3a3524ab327676efccc7dfa,V,Bacteria,Tenericutes,Mollicutes,Izimaplasmatales,Izimaplasmataceae,bacterium enrichment culture clone R4-81B,bacterium enrichment culture clone R4-81B
83502a92f9bf4fbf2c53440cb5f9a33d,I,Bacteria,Proteobacteria,Gammaproteobacteria,Gammaproteobacteria Incertae Sedis,Unknown Family,uncultured,uncultured
8397d75d4caa533de94b8bd4b78060c6,I,Bacteria,Bacteroidetes,Bacteroidia,Flavobacteriales,Flavobacteriaceae,Lutimonas,Lutimonas
83c091e042ae530a9cd16e37abecf268,II,Bacteria,Proteobacteria,Gammaproteobacteria,AT-s2-59,uncultured gamma proteobacterium,uncultured gamma proteobacterium,uncultured gamma proteobacterium
843043f4beb0275b6261a5392399868b,IV,Bacteria,Bacteroidetes,Bacteroidia,Bacteroidetes VC2.1 Bac22,uncultured Bacteroidetes bacterium,uncultured Bacteroidetes bacterium,uncultured Bacteroidetes bacterium
86f73b3db591db5d65f945174169cfc4,I,Bacteria,Proteobacteria,Gammaproteobacteria,Ectothiorhodospirales,Ectothiorhodospiraceae,Thiogranum,Thiogranum
8768689c13e84002b14c36bb03c2c6b9,I,Bacteria,Bacteroidetes,Ignavibacteria,OPB56,uncultured bacterium,uncultured bacterium,uncultured bacterium
893f732a44938757e344ca50ff5d433e,V,Bacteria,Bacteroidetes,Bacteroidia,Bacteroidales,Prolixibacteraceae,Draconibacterium,uncultured bacterium
89668021bf8b12f07d4d7d357960491b,I,Bacteria,Proteobacteria,Deltaproteobacteria,Desulfobacterales,Desulfobulbaceae,uncultured,uncultured
89add1f18c8eb3a1cc5855e35432ba80,IV,Bacteria,Verrucomicrobia,Verrucomicrobiae,Verrucomicrobiales,Rubritaleaceae,Persicirhabdus,Persicirhabdus
8a77a3350b300bb39cd829031f72d380,II,Bacteria,Proteobacteria,Deltaproteobacteria,NB1-j,uncultured delta proteobacterium,uncultured delta proteobacterium,uncultured delta proteobacterium
8b26ab3d887315976ca1f0a7031d8bde,IV,Bacteria,Bacteroidetes,Ignavibacteria,Ignavibacteriales,Melioribacteraceae,IheB3-7,uncultured sediment bacterium
8b4d395c182a001be5746f0ba91dcca4,IV,Bacteria,Proteobacteria,Deltaproteobacteria,Desulfobacterales,Desulfobacteraceae,Desulfosarcina,uncultured delta proteobacterium
8b4d4c4511de38f04d7d932fb2228045,V,Bacteria,Epsilonbacteraeota,Campylobacteria,Campylobacterales,Thiovulaceae,Sulfurimonas,Sulfurimonas
8d07feadf5ca25449828ef51304c6d7e,I,Bacteria,Bacteroidetes,Bacteroidia,Flavobacteriales,Flavobacteriaceae,Lutimonas,uncultured bacterium
8d0fdac7d685b535c09ea9a6c06d8fd1,V,Bacteria,Proteobacteria,Deltaproteobacteria,Desulfobacterales,Desulfobacteraceae,Desulfosarcina,uncultured bacterium
8df27e0ea431b21cb7ff0326cb419e32,I,Bacteria,Bacteroidetes,Bacteroidia,Flavobacteriales,Flavobacteriaceae,Lutibacter,uncultured Bacteroidetes bacterium
8e166771247b02af94e0c24a13fd825b,II,Bacteria,Proteobacteria,Gammaproteobacteria,B2M28,B2M28,B2M28,B2M28
8e24d393a7aba576f692dfd3634ebadc,II,Bacteria,Bacteroidetes,Bacteroidia,Flavobacteriales,Flavobacteriaceae,uncultured,uncultured
8ed2d2e39a2bcfe2194e1b112a7bcb45,I,Bacteria,Proteobacteria,Alphaproteobacteria,Rhizobiales,Hyphomicrobiaceae,uncultured,uncultured Hyphomicrobium sp.
8ede44a1daaad54f461031190278ff46,II,Bacteria,Actinobacteria,Acidimicrobiia,Actinomarinales,uncultured,uncultured actinobacterium,uncultured actinobacterium
8f862e88e3a3667bc1dcfd2c527550b3,I,Bacteria,Proteobacteria,Deltaproteobacteria,Desulfuromonadales,Sva1033,Sva1033,Sva1033
9081fb84c6ca88d1bac5e63a964b1da5,II,Bacteria,Proteobacteria,Gammaproteobacteria,Cellvibrionales,Halieaceae,Halioglobus,uncultured bacterium
9128971a53f514932b584c643cf631e4,II,Bacteria,Actinobacteria,Acidimicrobiia,Actinomarinales,uncultured,uncultured,uncultured
91f1f407f5f1b61e9224f1d776789130,I,Bacteria,Proteobacteria,Alphaproteobacteria,Rhizobiales,Methyloligellaceae,uncultured,uncultured
92c4bd321c58a2ddaaaedb13098a1244,I,Bacteria,Actinobacteria,Acidimicrobiia,Actinomarinales,uncultured,uncultured,uncultured
940190f63c5b59efcb66ad5a08f5c73d,I,Bacteria,Proteobacteria,Gammaproteobacteria,uncultured,uncultured Thioalkalivibrio sp.,uncultured Thioalkalivibrio sp.,uncultured Thioalkalivibrio sp.
948cbc592cb1273d54002d864704a9df,V,Bacteria,Bacteroidetes,Bacteroidia,Bacteroidales,Prolixibacteraceae,Draconibacterium,uncultured bacterium
94b3c6f696649467c4dd87ff4b069f0d,V,Bacteria,Bacteroidetes,Bacteroidia,Bacteroidales,Marinifilaceae,uncultured,uncultured bacterium
95648303f90f94f4458c1bfde95b5067,V,Bacteria,Firmicutes,Clostridia,Clostridiales,Clostridiales vadinBB60 group,uncultured bacterium,uncultured bacterium
966304bd373e094761793c0842426490,IV,Bacteria,Epsilonbacteraeota,Campylobacteria,Campylobacterales,Sulfurovaceae,Sulfurovum,Sulfurovum
96f20d6917d9c34646156c72f587a6cb,I,Bacteria,Bacteroidetes,Bacteroidia,Flavobacteriales,Flavobacteriaceae,Maribacter,uncultured bacterium
97290e38fdf4a092212289a777d99b54,II,Bacteria,Actinobacteria,Acidimicrobiia,Actinomarinales,uncultured,uncultured,uncultured
97421f243e37196deb366f9d15e65b7f,I,Bacteria,Actinobacteria,WCHB1-81,WCHB1-81,WCHB1-81,WCHB1-81,WCHB1-81
97c3cdc65827def2fa86de308433aeb4,I,Bacteria,Actinobacteria,Acidimicrobiia,Actinomarinales,uncultured,uncultured,uncultured
9869d5e777287ecd63adb96f7ccb7c00,I,Bacteria,Proteobacteria,Gammaproteobacteria,Betaproteobacteriales,Nitrosomonadaceae,Nitrosomonas,uncultured Nitrosospira sp.
998ad502fceeb6630530b42d25713b83,IV,Bacteria,Latescibacteria,saltmarsh clone LCP-67,saltmarsh clone LCP-67,saltmarsh clone LCP-67,saltmarsh clone LCP-67,saltmarsh clone LCP-67
9a491eaae9c9b2a5f843de44d811a0b0,V,Bacteria,Spirochaetes,Spirochaetia,Spirochaetales,Spirochaetaceae,Spirochaeta 2,uncultured marine bacterium
9b2dc7c6a08a1ce3ec6d9c24431e37b4,II,Bacteria,Proteobacteria,Deltaproteobacteria,Myxococcales,Sandaracinaceae,uncultured,uncultured delta proteobacterium
9b606f3a38a93a925707459708840a99,II,Bacteria,Proteobacteria,Deltaproteobacteria,Myxococcales,Sandaracinaceae,uncultured,uncultured
9ba792dcf4554abafe7c5d7b59cf4d40,I,Bacteria,Proteobacteria,Gammaproteobacteria,KI89A clade,uncultured gamma proteobacterium,uncultured gamma proteobacterium,uncultured gamma proteobacterium
9dfb30d2adc571bc8880ae43fda8c47e,II,Bacteria,Proteobacteria,Deltaproteobacteria,Desulfobacterales,Desulfobacteraceae,SEEP-SRB1,uncultured bacterium
9e06b3902c770ca7c4ab3b2bc6160454,I,Bacteria,Proteobacteria,Gammaproteobacteria,Gammaproteobacteria Incertae Sedis,Unknown Family,uncultured,uncultured
9ec2290ca7507f8be9bd0ba34ebeb248,V,Bacteria,Bacteroidetes,Bacteroidia,Bacteroidales,Prolixibacteraceae,Draconibacterium,uncultured bacterium
9f478be879f86e6d7c91831824293a35,II,Bacteria,Proteobacteria,Gammaproteobacteria,AT-s2-59,AT-s2-59,AT-s2-59,AT-s2-59
9f6f2ccd9943ba5330e77f8d9012eae5,I,Bacteria,Proteobacteria,Alphaproteobacteria,Rhodobacterales,Rhodobacteraceae,Dinoroseobacter,uncultured bacterium
9fd36d8e77fb06434c6c7912f44a3ef2,I,Bacteria,Proteobacteria,Deltaproteobacteria,Desulfuromonadales,Sva1033,uncultured bacterium,uncultured bacterium
a01394cbd1bf503a35ddf4ce72440e06,II,Bacteria,Proteobacteria,Gammaproteobacteria,Ectothiorhodospirales,Ectothiorhodospiraceae,Thiogranum,uncultured gamma proteobacterium
a075db3f338ee32eee153896025a0f1b,I,Bacteria,Proteobacteria,Gammaproteobacteria,Cellvibrionales,Halieaceae,Halioglobus,Halioglobus
a0be8367626a05c2092462cba65f5f57,II,Bacteria,Proteobacteria,Deltaproteobacteria,Desulfobacterales,Desulfobulbaceae,uncultured,uncultured delta proteobacterium
a0e8ce5118a54ccdac66d3c9f165e55d,I,Bacteria,Actinobacteria,Acidimicrobiia,Microtrichales,Ilumatobacteraceae,Ilumatobacter,uncultured bacterium
a213c29ab49fb578c7548a56745c47d0,I,Bacteria,Proteobacteria,Gammaproteobacteria,pItb-vmat-80,uncultured bacterium,uncultured bacterium,uncultured bacterium
a355b6d4d20a335a4318f736b1a3bada,II,Bacteria,Proteobacteria,Gammaproteobacteria,Gammaproteobacteria,Gammaproteobacteria,Gammaproteobacteria,Gammaproteobacteria
a3a583e68b8d7172866e0b7fcbbe8323,II,Bacteria,Proteobacteria,Deltaproteobacteria,Desulfobacterales,Desulfobacteraceae,Sva0081 sediment group,Sva0081 sediment group
a417eac9a93b4aef946b35c455f46114,II,Bacteria,Bacteroidetes,Bacteroidia,Bacteroidetes VC2.1 Bac22,uncultured Bacteroidetes bacterium,uncultured Bacteroidetes bacterium,uncultured Bacteroidetes bacterium
a466ee1b2abfea8798f70f21f33a4af0,I,Bacteria,Proteobacteria,Deltaproteobacteria,Myxococcales,Sandaracinaceae,uncultured,uncultured delta proteobacterium
a4813244b737760590d211d2c4a685b4,I,Bacteria,Proteobacteria,Gammaproteobacteria,Cellvibrionales,BD2-7,uncultured gamma proteobacterium,uncultured gamma proteobacterium
a4c73da9c81dc0ec2f51f97b8cfc577e,III,Bacteria,Fusobacteria,Fusobacteriia,Fusobacteriales,Fusobacteriaceae,Propionigenium,uncultured bacterium
a4dae48aba7b1f899092aad2b129fa28,II,Bacteria,Acidobacteria,Aminicenantia,Aminicenantales,uncultured bacterium,uncultured bacterium,uncultured bacterium
a51e7ccf5de23b167f459b4a38d68f89,I,Bacteria,Verrucomicrobia,Verrucomicrobiae,Verrucomicrobiales,Rubritaleaceae,Rubritalea,Rubritalea
a7994aa934bcfcf00ec8e79868935afe,II,Bacteria,Bacteroidetes,Bacteroidia,Flavobacteriales,Flavobacteriaceae,Lutibacter,uncultured bacterium
a88a6c7f8bd0616f58b936c8ad9ac85b,I,Bacteria,Bacteroidetes,Bacteroidia,Flavobacteriales,Flavobacteriaceae,Aquibacter,Aquibacter
a91e7ccd91869635149ec19ef742e25c,I,Bacteria,Proteobacteria,Deltaproteobacteria,NB1-j,uncultured bacterium,uncultured bacterium,uncultured bacterium
a99ef41f6a16bda0b11d79fa112cf23b,I,Bacteria,Bacteroidetes,Bacteroidia,Flavobacteriales,Flavobacteriaceae,Lutibacter,uncultured bacterium
a9c82f34840dd28f534652dd54b3ff32,IV,Bacteria,Proteobacteria,Alphaproteobacteria,Rhodobacterales,Rhodobacteraceae,Rhodobacteraceae,Rhodobacteraceae
aabd5d825319abaf4bc753df186b8c4b,I,Bacteria,Proteobacteria,Deltaproteobacteria,Desulfuromonadales,Desulfuromonadaceae,Desulfuromusa,uncultured bacterium
ab7964ac96d132910b96795d4411a8b3,I,Bacteria,Bacteroidetes,Bacteroidia,Bacteroidales,Bacteroidetes BD2-2,Bacteroidetes BD2-2,Bacteroidetes BD2-2
ab918c96975fe550be0d378a50840597,II,Bacteria,Proteobacteria,Gammaproteobacteria,KI89A clade,uncultured bacterium,uncultured bacterium,uncultured bacterium
ac61660fff0a8e06ede0b10090c9a2e1,II,Bacteria,Gemmatimonadetes,Gemmatimonadetes,Gemmatimonadales,Gemmatimonadaceae,uncultured,uncultured
acd9e10c9c5585f165b80312f52e0044,I,Bacteria,Proteobacteria,Gammaproteobacteria,Cellvibrionales,Halieaceae,Halioglobus,uncultured bacterium
acfd1549b062c4770c6edc396b7ba5af,II,Bacteria,Bacteroidetes,Bacteroidia,Cytophagales,Cyclobacteriaceae,uncultured,uncultured
ae1508412c2082919056f81e6a1351ba,II,Bacteria,Actinobacteria,Acidimicrobiia,Microtrichales,Ilumatobacteraceae,Ilumatobacter,Ilumatobacter
aedb28f55c6a657ad79540b985b9704a,IV,Bacteria,Spirochaetes,Spirochaetia,Spirochaetales,Spirochaetaceae,Spirochaeta 2,Spirochaeta 2
b09abac8db19f0534f7abe4c48db0a63,V,Bacteria,Bacteroidetes,Bacteroidia,Bacteroidales,Marinifilaceae,uncultured,uncultured Bacteroidetes bacterium
b0c7a5bc15e455eb94a5804b709d512a,I,Bacteria,Verrucomicrobia,Verrucomicrobiae,Verrucomicrobiales,DEV007,uncultured bacterium,uncultured bacterium
b10e58fcc7a74f028ac0df245b66336b,II,Bacteria,Proteobacteria,Gammaproteobacteria,B2M28,B2M28,B2M28,B2M28
b1174cf24eee082226be6d34d92cc5a9,I,Bacteria,Proteobacteria,Deltaproteobacteria,Sva0485,metagenome,metagenome,metagenome
b258d1119facaf6ddf1b23b8dcbd945d,I,Bacteria,Acidobacteria,Subgroup 22,uncultured bacterium,uncultured bacterium,uncultured bacterium,uncultured bacterium
b2cfb47d387c6190258f9330876fdd62,I,Bacteria,Proteobacteria,Gammaproteobacteria,Cellvibrionales,Halieaceae,Halioglobus,uncultured gamma proteobacterium
b3125235a8d99f36c9cdcc9ac8ecc658,I,Bacteria,Proteobacteria,Gammaproteobacteria,Gammaproteobacteria Incertae Sedis,Unknown Family,uncultured,uncultured bacterium
b3635496fc865aee6b92ebc52130352d,I,Bacteria,Proteobacteria,Gammaproteobacteria,Thiohalorhabdales,Thiohalorhabdaceae,uncultured,uncultured bacterium
b3b721a313b578fb02601400deb3d514,II,Bacteria,Bacteroidetes,Ignavibacteria,Ignavibacteriales,PHOS-HE36,uncultured Chlorobi bacterium,uncultured Chlorobi bacterium
b3f3c9e6976a6c20d3f17f3e5f6f2118,I,Bacteria,Proteobacteria,Alphaproteobacteria,Rhodovibrionales,Kiloniellaceae,uncultured,uncultured
b3f5961883e9e0eac835c705532026a3,I,Bacteria,Proteobacteria,Gammaproteobacteria,AT-s2-59,uncultured bacterium,uncultured bacterium,uncultured bacterium
b652f253d1691eb1f5fa273377d5063b,III,Bacteria,Proteobacteria,Gammaproteobacteria,Arenicellales,Arenicellaceae,uncultured,uncultured gamma proteobacterium
b71b4fa156f068f0b833b7110dc2cdb1,IV,Bacteria,Bacteroidetes,Bacteroidia,Chitinophagales,Saprospiraceae,uncultured,uncultured
b83c4438329f643d2e0614744faae808,I,Bacteria,Actinobacteria,Acidimicrobiia,Actinomarinales,uncultured,uncultured Gram-positive bacterium,uncultured Gram-positive bacterium
b83da4321e4debcc161aa844597a9bce,I,Bacteria,Bacteroidetes,Bacteroidia,Chitinophagales,Saprospiraceae,uncultured,uncultured
b8774ae5e6fca16e341e44aab1591087,I,Bacteria,Bacteroidetes,Bacteroidia,Bacteroidales,Prolixibacteraceae,Draconibacterium,uncultured bacterium
b8edae706a02d58731d0f7683c82a5aa,V,Bacteria,Spirochaetes,Leptospirae,Leptospirales,Leptospiraceae,RBG-16-49-21,uncultured bacterium
b93caca59ac80587284a3de1d99717b5,V,Bacteria,Proteobacteria,Deltaproteobacteria,Desulfobacterales,Desulfobacteraceae,uncultured,uncultured bacterium
b96055b00ecbae4d98aaa5314d1ddfc2,I,Bacteria,Proteobacteria,Deltaproteobacteria,NB1-j,NB1-j,NB1-j,NB1-j
baa42de3a5d8527b3516defa8bd78576,IV,Bacteria,Proteobacteria,Gammaproteobacteria,Cellvibrionales,Halieaceae,Halioglobus,uncultured bacterium
baf2ecbe2878265541f1af63264e49e7,I,Bacteria,Proteobacteria,Gammaproteobacteria,pItb-vmat-80,uncultured bacterium,uncultured bacterium,uncultured bacterium
bb665e764c8d33047095cbeaa97b3501,I,Bacteria,Proteobacteria,Gammaproteobacteria,Cellvibrionales,Halieaceae,Halieaceae,Halieaceae
bbad2157282f2298e86273344b990ff5,IV,Bacteria,Kiritimatiellaeota,Kiritimatiellae,Kiritimatiellales,Kiritimatiellaceae,R76-B128,uncultured bacterium
bbd17b9467fdcc57a5042fde1badc522,II,Bacteria,Verrucomicrobia,Verrucomicrobiae,Verrucomicrobiales,Rubritaleaceae,Persicirhabdus,uncultured bacterium
bbe5dcb91473ab9e699e25a5bafb92d2,I,Bacteria,Proteobacteria,Gammaproteobacteria,Thiohalorhabdales,Thiohalorhabdaceae,uncultured,uncultured
bc65a712e2363443fd6c44d5783fbcee,I,Bacteria,Acidobacteria,Subgroup 17,uncultured bacterium,uncultured bacterium,uncultured bacterium,uncultured bacterium
bcd5a6d58c6b8fb9ba9c2fd3a547eafb,I,Bacteria,Bacteroidetes,Bacteroidia,Chitinophagales,Saprospiraceae,uncultured,uncultured bacterium
becf935275aab969ec4e03038f40bab0,II,Bacteria,Actinobacteria,Acidimicrobiia,Microtrichales,Microtrichaceae,Sva0996 marine group,uncultured bacterium
bf188d6742c12223ebb036545588671c,I,Bacteria,Proteobacteria,Deltaproteobacteria,Desulfobacterales,Desulfobulbaceae,uncultured,uncultured
bf8b8ae47af00b4c9e9f75915945adc3,II,Bacteria,Acidobacteria,Thermoanaerobaculia,Thermoanaerobaculales,Thermoanaerobaculaceae,Subgroup 10,Subgroup 10
bfcf035da7b0df5f60a06cd0756d245e,I,Bacteria,Proteobacteria,Gammaproteobacteria,AT-s2-59,AT-s2-59,AT-s2-59,AT-s2-59
c022f0f737d50d3b78f712885415c98a,II,Bacteria,Proteobacteria,Gammaproteobacteria,B2M28,uncultured bacterium,uncultured bacterium,uncultured bacterium
c0521e4156f1bee2d254e2d817b6971a,I,Bacteria,Proteobacteria,Gammaproteobacteria,Gammaproteobacteria,Gammaproteobacteria,Gammaproteobacteria,Gammaproteobacteria
c1dc6114daf2b617186123981686a80a,II,Bacteria,Proteobacteria,Gammaproteobacteria,Cellvibrionales,Halieaceae,Halieaceae,Halieaceae
c1fd0a148870d579c8587f43df5c2954,IV,Bacteria,Proteobacteria,Deltaproteobacteria,Desulfobacterales,Desulfobulbaceae,Desulforhopalus,uncultured delta proteobacterium
c2707eaabddca4aa11a1139b70b22fc7,II,Bacteria,Proteobacteria,Gammaproteobacteria,Cellvibrionales,Halieaceae,Halieaceae,Halieaceae
c4128eec4972dedff2e0449b07d9c5ea,I,Bacteria,Proteobacteria,Alphaproteobacteria,Rhizobiales,Rhizobiaceae,Pseudahrensia,uncultured bacterium
c41c361f895c88b439cb464c12b892a7,I,Bacteria,Proteobacteria,Alphaproteobacteria,Rhizobiales,Methyloligellaceae,uncultured,uncultured
c495a11c3dfd7c3e57a3abc3ab5b454a,I,Bacteria,Proteobacteria,Gammaproteobacteria,Gammaproteobacteria,Gammaproteobacteria,Gammaproteobacteria,Gammaproteobacteria
c4ced127bc46a7ac1a86c9ba51133df2,IV,Bacteria,Bacteroidetes,Bacteroidia,Flavobacteriales,Flavobacteriaceae,uncultured,Bacteroidetes bacterium ectosymbiont of Rimicaris exoculata
c57caa0a1dba2c8bb1ce0f41f8cc3635,I,Bacteria,Bacteroidetes,Bacteroidia,Flavobacteriales,Flavobacteriaceae,Eudoraea,uncultured bacterium
c66775290f6143ac8e99378cce5dea94,II,Bacteria,Proteobacteria,Gammaproteobacteria,Gammaproteobacteria Incertae Sedis,Unknown Family,uncultured,uncultured
c8eb8e0adb2696fd4d48acffe7501be0,V,Bacteria,Bacteroidetes,Bacteroidia,Sphingobacteriales,Lentimicrobiaceae,uncultured Bacteroidetes bacterium,uncultured Bacteroidetes bacterium
c974f694b684428ffc90c16e1e42c4e5,I,Bacteria,Nitrospirae,Nitrospira,Nitrospirales,Nitrospiraceae,Nitrospira,Nitrospira
cafe7b80b3c4444fc94c6dd50fcbc08c,II,Bacteria,Planctomycetes,Phycisphaerae,Phycisphaerales,Phycisphaeraceae,Urania-1B-19 marine sediment group,Urania-1B-19 marine sediment group
cb6ee9a71ecd484d11a91f81c31bc982,II,Bacteria,Actinobacteria,Acidimicrobiia,Actinomarinales,uncultured,uncultured High G+C Gram-positive bacterium Sva0506,uncultured High G+C Gram-positive bacterium Sva0506
cb942a50840cf469eeb6759f70df1f8c,I,Bacteria,Proteobacteria,Deltaproteobacteria,Desulfobacterales,Desulfobulbaceae,uncultured,uncultured delta proteobacterium
cba76f6244a968e6c78c20017b99b0a4,I,Bacteria,Acidobacteria,Thermoanaerobaculia,Thermoanaerobaculales,Thermoanaerobaculaceae,Subgroup 23,Subgroup 23
cd1011ec28c9fed203617b2e0b906433,II,Bacteria,Nitrospirae,Thermodesulfovibrionia,uncultured,uncultured bacterium,uncultured bacterium,uncultured bacterium
cd46a6c2515dc35a0af30d93a5504ec6,V,Bacteria,Bacteroidetes,Bacteroidia,Bacteroidales,Bacteroidetes BD2-2,uncultured Bacteroidetes bacterium,uncultured Bacteroidetes bacterium
cd55010c021bc5d92d11ac12129ffb17,I,Bacteria,Bacteroidetes,Bacteroidia,Cytophagales,Spirosomaceae,Taeseokella,Lacihabitans sp. SM1504
ce6d100acf6a5f9283f98fa3667a7fdf,V,Bacteria,Firmicutes,Clostridia,Clostridiales,Clostridiales vadinBB60 group,uncultured bacterium,uncultured bacterium
ceaf3cea794ce32ead7cefe6531241a0,I,Bacteria,Proteobacteria,Gammaproteobacteria,Steroidobacterales,Woeseiaceae,Woeseia,Woeseia
d098b4a4cdbc0a5d17f806dfd5e8e81e,IV,Bacteria,Proteobacteria,Deltaproteobacteria,Desulfobacterales,Desulfobacteraceae,uncultured,bacterium enrichment culture clone Oil10
d1a23014666a28dd976e0840e75dbaff,I,Bacteria,Proteobacteria,Deltaproteobacteria,Sva0485,metagenome,metagenome,metagenome
d37ede125f15e54e4ff8d2f1b00af0fd,IV,Bacteria,Verrucomicrobia,Verrucomicrobiae,Opitutales,uncultured,uncultured bacterium,uncultured bacterium
d48ebba0da5a283d16207a3c4084ae2d,I,Bacteria,Proteobacteria,Gammaproteobacteria,Gammaproteobacteria,Gammaproteobacteria,Gammaproteobacteria,Gammaproteobacteria
d4ec66bee9ad3bca7d8285a227994f13,II,Bacteria,Bacteroidetes,Ignavibacteria,Ignavibacteriales,PHOS-HE36,uncultured bacterium,uncultured bacterium
d635eafbef0e0aaeb1dbdb4ef3367202,I,Bacteria,Actinobacteria,Acidimicrobiia,Actinomarinales,uncultured,uncultured Gram-positive bacterium,uncultured Gram-positive bacterium
d86f284e0251efde0aef091f5c2b20da,I,Bacteria,Proteobacteria,Deltaproteobacteria,NB1-j,NB1-j,NB1-j,NB1-j
d8e58724f8d541082a70afc5b2b6a4cc,I,Bacteria,Proteobacteria,Deltaproteobacteria,Desulfobacterales,Desulfobulbaceae,uncultured,uncultured
d941ee3bbd30ea5f3d98358dee99bd95,IV,Bacteria,Bacteroidetes,Bacteroidia,Flavobacteriales,Flavobacteriaceae,uncultured,Bacteroidetes bacterium ectosymbiont of Rimicaris exoculata
d9a961ec3e797c54931a36bab14afced,I,Bacteria,Proteobacteria,Gammaproteobacteria,Gammaproteobacteria Incertae Sedis,Unknown Family,uncultured,uncultured bacterium
d9ae54158a4ba621c95f45a4fef3a091,II,Bacteria,Calditrichaeota,Calditrichia,Calditrichales,Calditrichaceae,Caldithrix,uncultured bacterium
d9ee7df3db2a4245c8305db39d05b09c,IV,Bacteria,Proteobacteria,Deltaproteobacteria,Desulfobacterales,Desulfobacteraceae,Desulfosarcina,uncultured delta proteobacterium
dc549fba083abdc8c4a9f283cfb0f8ba,I,Bacteria,Bacteroidetes,Bacteroidia,Flavobacteriales,Flavobacteriaceae,Aquibacter,uncultured bacterium
dc9638cee73fecc68a54f9f6a56bc8a3,I,Bacteria,Bacteroidetes,Bacteroidia,Flavobacteriales,Flavobacteriaceae,Lutibacter,uncultured bacterium
dcaa4540916c20dca9ba6221ac3399c3,I,Bacteria,Bacteroidetes,Bacteroidia,Flavobacteriales,Flavobacteriaceae,Algibacter,Algibacter
dcd2f551ef567c59a58ae6cdc8311607,I,Bacteria,Proteobacteria,Alphaproteobacteria,Rhizobiales,Rhizobiaceae,Rhizobiaceae,Rhizobiaceae
dd106ce2cd342ffd5b3a0045f6f14cf5,II,Bacteria,Proteobacteria,Deltaproteobacteria,NB1-j,uncultured bacterium,uncultured bacterium,uncultured bacterium
dea3b852e0133c0a5fa3541e485312c8,II,Bacteria,Acidobacteria,Thermoanaerobaculia,Thermoanaerobaculales,Thermoanaerobaculaceae,Subgroup 23,uncultured bacterium
dfb55419adf3674fdd1f71beb23c1e67,I,Bacteria,Proteobacteria,Gammaproteobacteria,MBAE14,uncultured bacterium,uncultured bacterium,uncultured bacterium
e03ba081d3617a9eec602219b5ae75af,I,Bacteria,Proteobacteria,Gammaproteobacteria,Cellvibrionales,Halieaceae,OM60(NOR5) clade,OM60(NOR5) clade
e122b9627370a401da20972ba410d6fe,I,Bacteria,Proteobacteria,Gammaproteobacteria,Betaproteobacteriales,Nitrosomonadaceae,Nitrosomonas,uncultured Nitrosospira sp.
e17d18e9f901a66d7667083b578b871c,I,Bacteria,Proteobacteria,Gammaproteobacteria,Steroidobacterales,Woeseiaceae,Woeseia,Woeseia
e1bc237156bfbecd56d35a5e67736d4b,IV,Bacteria,Aegiribacteria,uncultured bacterium,uncultured bacterium,uncultured bacterium,uncultured bacterium,uncultured bacterium
e1e3b1ac0b170149d1c63852462af44f,II,Bacteria,Proteobacteria,Deltaproteobacteria,Desulfobacterales,Desulfobulbaceae,uncultured,uncultured
e2f6f0a6e4ce063a2b935b2d45d7442f,I,Bacteria,Proteobacteria,Alphaproteobacteria,uncultured,uncultured,uncultured,uncultured
e4099d7ed66ae14d83fcd5145a51341e,II,Bacteria,Nitrospirae,Thermodesulfovibrionia,uncultured,uncultured,uncultured,uncultured
e6342017209cb55335276a57f5d81bb9,I,Bacteria,Proteobacteria,Gammaproteobacteria,AT-s2-59,AT-s2-59,AT-s2-59,AT-s2-59
e8e3cca8de2a5cb4540cfc4212e0bedf,I,Bacteria,Bacteroidetes,Bacteroidia,Chitinophagales,Saprospiraceae,uncultured,uncultured
e986a867b13497095db922c534cd5e00,V,Bacteria,Bacteroidetes,Bacteroidia,Bacteroidales,Marinilabiliaceae,uncultured,uncultured bacterium
ea99a984bee29ac39700c3e202c39243,IV,Bacteria,Spirochaetes,Spirochaetia,Spirochaetales,Spirochaetaceae,Spirochaeta 2,Spirochaeta 2
eaf11478da145ac2244e4ef295242fca,II,Bacteria,Proteobacteria,Gammaproteobacteria,Cellvibrionales,Halieaceae,Halioglobus,Halioglobus
eb160fbab65f6096a1992e4e41aa7030,III,Bacteria,Proteobacteria,Gammaproteobacteria,Chromatiales,Chromatiaceae,uncultured,uncultured gamma proteobacterium
eb21d6fa3281a923fb9eaa8f5bd0a1ac,I,Bacteria,Proteobacteria,Gammaproteobacteria,Gammaproteobacteria Incertae Sedis,Unknown Family,uncultured,uncultured marine bacterium
eb22d826d1405912dd6e84b595e7c10e,I,Bacteria,Actinobacteria,Acidimicrobiia,Microtrichales,Ilumatobacteraceae,Ilumatobacter,Ilumatobacter
eb5d843d142ce3b34d38ca524d6eafa3,I,Bacteria,Proteobacteria,Gammaproteobacteria,BD7-8,BD7-8,BD7-8,BD7-8
eb7c90978514cb0043c003f7d28d878b,II,Bacteria,Proteobacteria,Gammaproteobacteria,Cellvibrionales,Halieaceae,Halieaceae,Halieaceae
ebf5622620283b333a52baad221e965c,IV,Bacteria,Bacteroidetes,Bacteroidia,Bacteroidales,SB-5,uncultured bacterium,uncultured bacterium
ec1731cb1774e48764f86e5ad35c18eb,IV,Bacteria,Bacteroidetes,Bacteroidia,Flavobacteriales,Flavobacteriaceae,Lutimonas,Lutimonas
ec1ff1bdebcf9d35f9ecfd83540571a0,I,Bacteria,Proteobacteria,Deltaproteobacteria,Desulfobacterales,Desulfobulbaceae,uncultured,uncultured delta proteobacterium
ede802d4aa12353b40b5c7e34eee92e5,I,Bacteria,Bacteroidetes,Bacteroidia,Flavobacteriales,Flavobacteriaceae,Flavobacteriaceae,Flavobacteriaceae
eeac07e65bacda44c34e5c76f2ddb24b,II,Bacteria,Proteobacteria,Gammaproteobacteria,Steroidobacterales,Woeseiaceae,Woeseia,Woeseia
ef3a8f4da0196dfd12bbb6324b15acc8,V,Bacteria,Synergistetes,Synergistia,Synergistales,Synergistaceae,EBM-39,uncultured organism
f0409b34d7a4268d6e1a98cc7b2ccd73,I,Bacteria,Proteobacteria,Gammaproteobacteria,Cellvibrionales,Halieaceae,Halioglobus,Halioglobus
f0715f373cac7a75f584199e62ab0481,II,Bacteria,Nitrospirae,Thermodesulfovibrionia,uncultured,uncultured,uncultured,uncultured
f0fbcbe59ec36887f58538803e7bf08d,I,Bacteria,Bacteroidetes,Bacteroidia,Bacteroidetes VC2.1 Bac22,uncultured Bacteroidetes bacterium,uncultured Bacteroidetes bacterium,uncultured Bacteroidetes bacterium
f13039bc9985782691b429488679b443,V,Bacteria,Bacteroidetes,Bacteroidia,Bacteroidales,Bacteroidetes BD2-2,uncultured Bacteroidetes bacterium,uncultured Bacteroidetes bacterium
f2023dd24c1f7f462ca496fdfff5e1df,IV,Bacteria,Proteobacteria,Deltaproteobacteria,Desulfobacterales,Desulfobulbaceae,Desulfobulbaceae,Desulfobulbaceae
f29f918b787bb06ec323d8269104fae1,II,Bacteria,Chloroflexi,Anaerolineae,Anaerolineales,Anaerolineaceae,uncultured,uncultured hydrocarbon seep bacterium BPC110
f2aaaf726d39b1184aebff10ae8dc7d4,I,Bacteria,Proteobacteria,Gammaproteobacteria,Ectothiorhodospirales,Ectothiorhodospiraceae,Thiogranum,Thiogranum
f2bc4f9ae664308c49b0c5d4a6bc1078,I,Bacteria,Bacteroidetes,Bacteroidia,Flavobacteriales,Flavobacteriaceae,uncultured,uncultured
f370f17354355c635fa9f99aade8c0fc,IV,Bacteria,Bacteroidetes,Bacteroidia,Flavobacteriales,Flavobacteriaceae,uncultured,Bacteroidetes bacterium ectosymbiont of Rimicaris exoculata
f40f3b0e28de7f718dbf26d760db4aae,I,Bacteria,Proteobacteria,Gammaproteobacteria,Gammaproteobacteria,Gammaproteobacteria,Gammaproteobacteria,Gammaproteobacteria
f4d37966df323426f1fafb4b7201d346,II,Bacteria,Proteobacteria,Deltaproteobacteria,MBNT15,MBNT15,MBNT15,MBNT15
f65ea057312d56138c6367c7cfcb1ec2,I,Bacteria,Bacteroidetes,Bacteroidia,Flavobacteriales,Flavobacteriaceae,Flavobacteriaceae,Flavobacteriaceae
f6789a2aea64a26bf534fa4ac0a7d2d8,IV,Bacteria,Bacteroidetes,Bacteroidia,Flavobacteriales,Flavobacteriaceae,Maribacter,Maribacter
f88355f7f1ee09b25c0228edbab09717,I,Bacteria,Bacteroidetes,Bacteroidia,Chitinophagales,Saprospiraceae,Portibacter,uncultured deep-sea bacterium
f8fe9f6361a24ea645880fad2d5a5a46,I,Bacteria,Proteobacteria,Gammaproteobacteria,Steroidobacterales,Woeseiaceae,Woeseia,Woeseia
f9639888fc11595804b6b03c43d0ddb0,I,Bacteria,Proteobacteria,Gammaproteobacteria,KI89A clade,uncultured bacterium,uncultured bacterium,uncultured bacterium
f983652a58379e036a269aee10757ee0,I,Bacteria,Proteobacteria,Alphaproteobacteria,Rhizobiales,Hyphomicrobiaceae,Filomicrobium,uncultured bacterium
fa4fb902821ff15ff51dbe8ed30eb7a3,V,Bacteria,Proteobacteria,Deltaproteobacteria,Desulfobacterales,Desulfobacteraceae,uncultured,bacterium enrichment culture clone Oil10
fb7aa660d61b020a85ffea540bf6d0d6,I,Bacteria,Bacteroidetes,Bacteroidia,Flavobacteriales,Flavobacteriaceae,Lutibacter,Lutibacter
fbae63938dfdee8cb8067044f8ec5680,I,Bacteria,Proteobacteria,Gammaproteobacteria,Betaproteobacteriales,Nitrosomonadaceae,Nitrosomonas,uncultured Nitrosospira sp.
fbce970a0d79162ecf44b8ab3b925c1f,II,Bacteria,Proteobacteria,Deltaproteobacteria,Desulfobacterales,Desulfobacteraceae,Sva0081 sediment group,uncultured bacterium
fbea82d3c7bb3303a3b3ff50a2b389cb,I,Bacteria,Verrucomicrobia,Verrucomicrobiae,Verrucomicrobiales,Rubritaleaceae,Roseibacillus,uncultured organism
fcd0b3da18764a16f80f8ec6ac891b69,V,Bacteria,Bacteroidetes,Bacteroidia,Bacteroidetes VC2.1 Bac22,uncultured organism,uncultured organism,uncultured organism
fd0e7efd29cd48319465937fa0485504,II,Bacteria,Chloroflexi,Anaerolineae,SJA-15,uncultured bacterium,uncultured bacterium,uncultured bacterium
fd951b675e724ef97617d3d81922e250,II,Bacteria,Schekmanbacteria,uncultured bacterium,uncultured bacterium,uncultured bacterium,uncultured bacterium,uncultured bacterium
fddcb5cfadf00f29fdf6833bee372a7a,I,Bacteria,Bacteroidetes,Bacteroidia,Cytophagales,Cyclobacteriaceae,uncultured,uncultured sediment bacterium
fdefed33d3be5c45faa252b93c847504,I,Bacteria,Proteobacteria,Deltaproteobacteria,Desulfobacterales,Desulfobulbaceae,uncultured,uncultured
fef71a145db09856f9901dfd8f8af154,II,Bacteria,Acidobacteria,Subgroup 17,uncultured bacterium,uncultured bacterium,uncultured bacterium,uncultured bacterium
